{
  "absolute_objective_difference": 2.220446049250313e-16,
  "accepted": true,
  "basis_partition_unity_max_error": 2.220446049250313e-16,
  "coefficient_l2_difference": 1.5146255828533454e-08,
  "coefficient_linf_difference": 4.076496140648089e-09,
  "degree": 2,
  "elements_per_axis": 3,
  "lbfgsb_iterations": 13,
  "lbfgsb_kkt_residual": 9.615183302336128e-11,
  "lbfgsb_message": "CONVERGENCE: RELATIVE REDUCTION OF F <= FACTR*EPSMCH",
  "lbfgsb_minimum_coefficient": 0.0,
  "lbfgsb_minimum_over_54791_points": 0.0,
  "lbfgsb_objective": -0.5109112540910976,
  "lbfgsb_success": true,
  "maximum_sampled_solution_difference": 4.844420697924789e-10,
  "pdas_independent_kkt_residual": 2.7755575615628914e-17,
  "pdas_iterations": 2,
  "pdas_minimum_coefficient": 0.0,
  "pdas_minimum_over_54791_points": 0.0,
  "pdas_objective": -0.5109112540910974,
  "pdas_reported_residual": 2.7755575615628914e-17,
  "unknowns": 125
}
