angular_intervals,displacement_unknowns,bracketed_half_width_error,pressure_fitted_half_width_error,pressure_l2_error
145,15979,0.003054958451705947,0.00035444657243305366,0.130493
155,19563,0.002345995245642149,0.0008384645866159196,0.097348
160,20193,0.00010106326498431073,0.0009418864092736179,0.088182
165,20823,0.0024002313593393804,0.00002711860498207097,0.090743
170,22815,0.000042894188717931825,0.001551273573352288,0.125642
