angular_intervals,displacement_unknowns,bracketed_half_width_error,pressure_fitted_half_width_error,pressure_l2_error,reaction_absolute_error,minimum_gap_coefficient
145,18303,0.003054958451705947,0.0003544459899237906,0.11025746881100491,1.184918829721937e-11,0.0
155,19563,0.002345995245642149,0.0008384645866159196,0.09734754141837425,1.1724510251553966e-11,0.0
160,20193,0.00010106326498431073,0.0009418864092736179,0.088182,1.019351e-11,0.0
165,20823,0.0024002313593393804,0.00002711860498207097,0.09074349750799787,6.686706743863624e-12,0.0
170,21453,0.000042894188717931825,0.0018323559260437494,0.13813048308463305,1.615024780576846e-11,0.0
